response_concept_id,current_format_value
180583933,0 = Not active
363147933,4 = 51-55
785578696,6=Hispanic/Latino/White
965998904,9=Pacific Islander
628733063,0=Hispanic or Latino
153444133,1=Black non-Hispanic
351257378,3=Demographic Group
834544960,5=Geographic group
686986259,1 = Altruism General
327912200,3 = Kaiser Permanente Georgia
517700004,9 = National Cancer Institute
711757828,0 = Control X
773963342,"6=V, 5th"
804918759,2 = phone
948428087,4 = Algeria
814227464,6 = Andorra
344766609,12 = Armenia
183520161,24 = Benin
481978049,31 = Bouvet Island
902344770,34 = British Indian Ocean Territory
959256218,35 = Brunei Darussalam
262261831,62 = Cyprus
794707854,64 = Czechoslovakia
714922667,71 = Ecuador
575246057,72 = Egypt
809254094,75 = Eritrea
931702107,102 = Guatemala
471124138,119 = Isle Of Man
510296437,133 = Kyrgyzstan
233155848,137 = Lesotho
677448625,143 = Macao
500718853,"158 = Moldova, Republic Of"
533302603,160 = Mongolia
500531505,171 = New Hebrides
951382049,181 = Oman
895850605,184 = Palau
635067390,186 = Panama
201083438,196 = Qatar
831495016,224 = South Georgia And The South Sandwich Islands
736167436,236 = Tajikistan
819206475,239 = Timor-Leste
955466797,244 = Tunisia
160710632,254 = United States Miscellaneous Pacific Islands
871234413,256 = Uruguay
696650324,5 = Change in Eligibility Status
132080040,0 = No change needed
103209024,2=Home
210720511,2 = Boxed
736183094,5 = HFH K-13 Research Clinic
886364332,6 = HFH Cancer Pavilion Research Clinic
706927479,7 = HFH Livonia Research Clinic
589224449,8 = Sioux Falls Imagenetics
665277300,16 = Merrill
567969985,18 = MF Pop-Up
246153539,32 = Bemidji Clinic
813412950,34 = Neillsville
397883980,40 = Irving
574104518,42 = Temple Roney
772116457,2 = Replacement 2 Kit
728267588,1 = Initialized
241974920,3 = Assigned
341709648,2 = Other relative or proxy
890182396,3 = IHCS Staff
884452262,6 = Data destroyed
482225200,17=Pancreatic
295976386,18=Prostate
248374037,20=Testicular
646675764,1 = Dead
227782304,2 = HELP
702641611,0 = Unread
104593854,0 = Not meeting
948593796,2 = Exceeding
514080822,0 = Never married
649436542,3 = Divorced
265452386,5 = Mostly masculine
537173119,1 =I had surgery to remove both fallopian tubes
512144428,5 = 6
111520945,0 = Not at all
597477164,2 = A lot
902131456,1 = About average build
917379905,"6 = Severe hair loss on the top of the head, and the hair along the forehead is thinning."
629452816,"1 = Mild hair loss at the sides of the forehead, but not as far back as the ears."
693010445,"9 = Moderate hair loss across the entire forehead, as far back as the middle of the ears."
584368278,0 = Retired
709969190,2= 2 days
374508062,"0 = Less than $10,000/year"
777814771,"5 = $75,000-$99,999/year"
913602274,"7 = $150,000-$199,999/year"
650420270,0 = I have not had a menstrual  period in the past 12 months
655309065,"4= I am currently using a hormonal medication or device (such as an intrauterine device (IUD)) to prevent pregnancy, manage my menstrual cycle symptoms, and/or manage conditions like endometriosis or polycystic ovarian syndrome (PCOS)"
585076356,6= My periods stopped after radiation or chemotherapy
223216393,0 = Live birth: single infant
550615107,6 = Ectopic or tubal pregnancy (fertilized egg implants outside of the uterus)
105727261,1=Three (triplets)
814242010,4 = Few times per month
729681071,2 = 30 minutes
919739344,6 = 3 to 4 hours
522143286,3= Restless
621370621,4= Very restless
514068832,0 = No chance
198347104,2= 1 to 2 times per week
632512449,3= 1 to 2 times per month
122802180,0 = Almost all the time
793320798,3= Some of the time
759356722,1= One
838317013,1= As medicine
411022152,5= 6 or more beers
526602834,2= 3 servings
554549266,5= 6 or more servings
351028096,1= 1 to 5 times per year
249485680,0 = A blistering sunburn
899670578,3= A tan with no sunburn
945387130,4= 10 or more
102445389,1= 1 to 9 times
587052987,4= 100 to 249
834672471,"9 = No, I want to enter another address (9th address)"
960288496,12 = You have entered the maximum number of addresses. You will proceed to the next questions.
354856090,4= Water that was filtered with another type of filter (under sink or whole house)
311981718,"5= Bottled water, including water from a store dispenser or delivered to your home"
991158851,"0 = No, I want to add a seasonal or vacation home address"
955755777,"5 = No, I want to add another seasonal or vacation home address (5th address)"
778052314,0 = I lived at a previous address already entered [Insert list of previously entered residences for participants to select from (from HOMEADD1 - HOMEADD3)]
510681016,2 = Previous address 2
883331099,10 = Previous address 10
897038099,2 = 3 days per week
746635399,"1 = Yes, for less than 15 minutes"
707601969,1 = Yes |_|
113838601,3 = AstraZeneca
830677489,3 = More than 4 weeks ago
115959973,6 = Google Pixel
320254475,13 = Other computer
803970496,2 = Not enough - I want to get more emails and/or text messages
687057737,"2 = Yes, I completed some of the sections, but not all sections"
948464607,0 = Too long - the survey had far too many questions
807574160,0 = Very easy
588529567,"0 = Longer surveys, sent less often (such as 60-minute surveys, sent every year)"
640520411,4 = Over 10 years ago
934779560,4 = Over 10 times
734992634,1 = With much difficulty
192247286,1 = 1 per week
629699641,3 = 5-6 per week
776030694,1 = Hot
495372270,2 = ZIP
181090983,8 = September
713781738,0 = 30-34
722846087,7 = 66-70
723775357,0=White non-Hispanic
572474909,2=Hispanic/Latino
130709488,11 = Urgent Care Visit
477331464,2 = Cancer Connection Personal
809703864,8 = University of Chicago Medicine
943427992,1 = Variant A
798915634,3 = Variant C
911299066,"7=VI, 6th"
233284019,"9=VIII, 8th"
101178950,1 = password
255202365,3 = passwordAndPhone
357184057,1 = Email
705893573,3 = Albania
787648987,40 = Cote D’Ivoire
693896863,54 = Comoros
897079279,61 = Curacao
593729902,66 = Denmark
723610783,74 = Equatorial Guinea
780612099,93 = Germany
243581220,99 = Grenada
608163515,112 = Hungary
146657449,115 = Indonesia
181845623,134 = Lao People'S Democratic Republic
238299421,146 = Malaysia
257211345,147 = Maldives
992291267,150 = Marshall Islands
612964002,152 = Mauritania
751674930,153 = Mauritius
358729759,159 = Monaco
520950687,163 = Morocco
489292258,164 = Mozambique
786642491,169 = Netherlands
933459343,172 = New Zealand
963430874,175 = Nigeria
335774873,"185 = Palestine, State Of"
879259647,195 = Puerto Rico
854288752,197 = Reunion
709981397,212 = Senegal
905244901,228 = Sri Lanka
249750059,"237 = Tanzania, United Republic Of"
859999856,250 = Ukraine
173749698,266 = Western Sahara
539025306,0=Criterium not met
427405444,1=Criterium met
266600170,0 = Baseline
496823485,1 = Follow-up 1
234139565,0 = Short draw
775512390,1 = Partially boxed
698283667,3 = Lake Hallie
487512085,13 = Wisconsin Rapids
983848564,14 = Colby Abbotsford
231311385,2=Submitted
763273112,6=KPCO RRL
277438316,4 = Shipped
817514412,0 = Spouse/partner
854021266,4 = Withdrew consent
875207881,0=No Check Ran
631498205,1=Check Passed
847945207,3=Breast
489400183,"7=Head and neck (Including cancers of the mouth, sinuses, nose, or throat. Not including brain or skin cancers.)"
139822395,21=Thyroid
469323437,1 = Viewed
288321056,2 = Married
278139969,3 = 4
589959753,1= A little shorter
623310018,2 = A lot shorter
782282163,"8 = Mild hair loss across the entire forehead, but not as far back as the ears."
732008197,"10 = Severe hair loss across the entire forehead, as far back as the back of the ears."
288105839,"2 = Yes, fraternal twins (not identical)"
626558982,"3 =Yes, triplets or higher multiple birth"
432193665,"3= Some college, no degree"
598242454,"7= Advanced degree Master's, Doctorate, etc."
756948639,3= Unable to work (diabled)
745561936,"2 = $25,000-$34,999/year"
132099255,1= Sometimes
410083265,2= More than 2 years to 3 years
859025516,3 = Less than 21 days -> PREG
757609794,5=I was pregnant or breastfeeding during the last year
419220239,2 = Live birth and loss of one or more of multiples
481217808,2 = 15 to 19 days per month
647504893,4 = Every day
522395860,3 = Once per week
949555271,8 = 7 to 8 hours
996315715,4 = 3 to 4 days per week
428999623,0 = 15 minutes or less
206020811,2 = 31 to 44 minutes
264163865,3 = 45 to 59 minutes
349122068,0 = 1
838403733,2= Average quality
624808470,0=Slightly louder than breathing
958538953,"1=Yes, in the past 3 months"
485163252,4= Four
437269318,0 = Recreation
637900673,1 = Once per month
648665281,0 = 1 beer
562508684,3= 4 shots
180306463,4= 5 shots
413495952,5= 6 or more shots
355205294,5= 6 or more glasses
905402667,3= 4 servings
687445652,7 = 4 to 5 times per day
333682419,8= 6 or more times per day
646918928,1= A sunburn without blisters
838336013,5= 250 times or more
248624772,3= Light Brown
469115418,6= Black
300633065,0 = Very light
834817071,1= Light
800179850,2= Some freckles
574728716,"3 = No, I want to enter another address (3rd address)"
123108471,0 = Water from the tap or refrigerator that has not been filtered or treated
171498611,"0 = No, I want to add another seasonal or vacation home address"
928670216,5 = Previous address 5
706062016,0 =  _times per day
103409401,3 = 4 days per week
185036360,1=More than one
974230748,"1 = Yes, in the past day"
760969884,3 = Quite a bit
244354126,"0 = No, I never had this symptom"
224099497,"2 = Yes, mostly"
657978450,1 = Pfizer
796081734,"2 = More than 6 months ago, but in the past year"
515798638,3 = iPad (Apple)
401230883,9 = Other tablet
527229910,4 = Very hard
773860876,"1 = I am having technical issues or glitches, like problems with the survey loading, answers saving, and/or submitting"
551201830,2 = I do not have time
604455183,1 = Well
967156738,"1 = I had both of my breasts removed, each during a separate surgery"
282580702,3 = 6 to 10 times
145235510,"1 = Yes, because of puberty or hormones already in my body"
510907305,"1 = 3D Mammogram. Also known as digital breast tomosynthesis. Multiple images are taken of the breast from different angles. A computer combines the images to create a 3D picture of the breast, which may give doctors a clearer view of the breast tissue."
367964536,4 = Without any difficulty
263412634,2 = With some difficulty
221192556,0 = Unable to do
233944056,2 = Somewhat interested
768887460,0 = Precision
526483288,4 = May
842005720,5 = June
887495026,7 = August
178420302,77 = Unavailable/Unknown
746038746,99=Declined
582670006,2=Member and Patient of IHCS Health Plan
348281054,1=Screening appointment
682916147,6=Post-Screening Selection
910533468,0 = Letter without PIN
353358909,1 = Yes
518814501,4 = Research Personal
226924545,"2=I, 1st"
127547625,0 = Text message
333208328,0 = United States Of America
850988661,2 = Afghanistan
958395496,8 = Anguilla
487003566,13 = Aruba
230459284,22 = Belgium
589555871,26 = Bhutan
760941098,30 = Botswana
399492201,33 = British Antarctic Territory
291229603,43 = Cameroon
994855651,45 = Canton And Enderbury Islands
106368621,47 = Central African Republic
295785213,49 = Chile
907647407,60 = Cuba
827912537,73 = El Salvador
790896268,76 = Estonia
883062033,81 = Fiji
193698473,85 = French Guiana
742184633,86 = French Polynesia
881405646,87 = French Southern And Antarctic Territories
394332730,106 = Guyana
578441679,123 = Japan
722920826,138 = Liberia
856483344,140 = Liechtenstein
609124212,149 = Malta
315885811,154 = Mayotte
179966266,161 = Montenegro
477888494,168 = Nepal
406621050,187 = Panama Canal Zone
960134562,193 = Poland
602510992,194 = Portugal
761993321,215 = Sierra Leone
680590144,232 = Sweden
995011901,246 = Turkmenistan
746447615,262 = Virgin Islands (British)
875007964,0 = Not yet verified
922622075,3 = Duplicate
889386523,3 = Supply Unavailable
834825425,4 = HP Research Clinic
940329442,20 = Orland Park
769594361,31 = Fargo Amber Valley
117840593,41 = Temple CDM
752948709,10=Henry Ford Main Campus
121454001,2=Revoked and signed
704529432,2=Requested and signed
597175457,1 = Child
458508122,2 = Refused all future activities
872012139,3 = Revoked HIPAA only
532172400,10=Liver
741094625,5 = Separated
915528806,6 = Very masculine
668256654,1 = I had surgery to remove both kidneys
333647143,0 = I had surgery to remove one ovary
970716952,1 = I had surgery to remove both Testicles
156095877,1 = 2
700080862,8 = 9
897599966,2 = Taller than average
927925620,0 = Full head of hair with no hair loss.
552278254,1 = Very mild hair loss or thinning of hair on the top of the head along the middle of the head
452963767,8 = Moderate hair loss on the sides of the head at the forehead and moderate-to-severe hair loss on the top of the head.
446794016,"5 = Moderate hair loss on the sides of the forehead, as far back as the middle of the ears. Also, moderate baldness on the top (crown) of the head. The two areas of hair loss are separated by a thin strip of hair that goes across the top of the head."
734998477,"11 = Severe hair loss across the entire forehead, beyond the back of the ears."
198654048,"2 = Half sibling, same father"
509607548,2 = A step child
404564707,2= High school graduate or GED
766964355,5= Associate's degree
551525967,"1=Yes, full-time student"
475665841,1= A homemaker
503218834,0 = None
928753604,3= 3 days
686379250,4= 4 days
976555124,"1 = $10,000-$24,999/year"
275706407,1=Completed by someone else on behalf of study participant
211590917,2= Often
290716491,1= 500 unit per ml
718537646,3= More than 3 years to 4 years
471375042,2= 21 days or more
330745988,1= My periods stopped because I began taking female hormones during the menopausal transition or menopause (the change of life)
351584248,7 = My periods stopped because I began taking gender affirming hormones
628445697,"1 = Live birth: twins, triplets, or higher multiples"
306890578,3 = Pregnancy loss before 20 weeks
626911538,2=Every few days
239152340,1 = Once a month or less
582006876,2 = 2 to 3 days per month
977681388,3 = High Chance
718687985,0 = Almost every day
471294296,1= 3 to 4 times per week
988873962,2= Somewhat flexible
929148006,3= A little flexible
167208049,2= About half of the time
216450786,4= Almost never
118191655,5 = Didn't smoke a hookah or water pipe during this time
797736697,2= A few days per week
480609810,3= One day per week
485011582,4= A few days per month
838981994,3=6 to 9 hours per day
207952166,2 = 2 to 3 times per month
312200270,4= 5 beers
939235325,2= 3 glasses
545630587,1= 2 servings
692155653,2= A mild sunburn that becomes a tan
961021302,1= 1 to 2
777809207,4= Dark Brown
230748315,0 = Blond
224120697,2= Reddish-Brown
159625321,"11 = No, I want to enter another address (11th address)"
427169173,"2 = No, I want to add another seasonal or vacation home address (2nd address)"
658491312,0 = Current Address
487265825,9 = Previous address 9
334390252,4 = 5 days per week
300863887,5 = 6 days per week
952212668,1 = The day before
927477599,1 = Very Good
666365344,0 = Within the last 24 hours
382679079,"2 = More than 1 week ago, but in the past 4 weeks"
308765753,2 = Neutral
333628672,"0 = No, I did not complete any of the sections"
537785073,1 = Just long enough - the survey had just the right amount of questions
267441074,2 = I don't have a preference for survey length and frequency
847965227,1 = Agree
503154121,4 = Novavax
669023414,"2 = More than 2 years ago, but less than 5 years ago"
236949684,0 = Once
506053626,1 = Twice
119809731,2 = 3 to 5 times
801218076,"2 = Yes, because of hormonal medication or device"
398006869,0 = Very often
542659759,2 = completed
351464854,4 = 1 per day
746143595,6 = 4+ per day
463502254,3 = April
636706443,5 = 56-60
771230670,6 = 61-65
232663805,5=Hispanic/Latino/Declined
490725843,8=Native Hawaiian/Pacific Islander
830573274,2 = Intersex or other- Site Reported
926338735,0=Random
324692899,2=Non-screening appointment
398561594,88=None of these apply
456806539,1 = Letter with PIN
531629870,0 = HealthPartners
472940358,10 = Baylor Scott & White Health
959021713,"4=III, 3rd"
528373182,"8=VII, 7th"
794247035,9 = Antarctica
294014693,10 = Antigua And Barbuda
521321931,14 = Australia
783769681,29 = Bosnia And Herzegovina
794205182,44 = Canada
601628757,58 = Costa Rica
967860885,65 = Dahomey
740704686,79 = Falkland Islands (Malvinas)
932938375,82 = Finland
276675681,89 = Gabon
559106731,95 = Gibraltar
355753084,100 = Guadeloupe
994945603,110 = Honduras
956773164,117 = Iraq
858533438,124 = Jersey
548625244,135 = Latvia
186213845,136 = Lebanon
111135211,144 = Madagascar
288105260,170 = New Caledonia
326198039,177 = Norfolk Island
375001839,182 = Pacific Islands (Trust Territory)
793820915,183 = Pakistan
633740528,188 = Papua New Guinea
695313038,189 = Paraguay
564796245,190 = Peru
210038417,191 = Philippines
359034200,"202 = Saint Helena, Ascension And Tristan Da Cunha"
187433409,204 = Saint Lucia
174321703,218 = Sint Maarten (Dutch Part)
633404785,223 = South Africa
458019527,227 = Spain
456171191,247 = Turks And Caicos Islands
478027242,257 = Uzbekistan
766568955,264 = Wake Island
582683814,269 = Zambia
638335430,0 = Active recruit signed in as Passive recruit
654558118,3 = Participant already enrolled
604663208,1 = Not Active to Passive
965707001,3 = Active to Passive
219803804,1=Matched
303552867,3 = Follow-up 3
657483796,0 = Not boxed
777644826,0 = UC-DCAM
692275326,1 = Marshfield
691714762,12 = Rice Lake
467088902,17 = Fargo South University
574368418,21 = HP Park Nicollet
255636184,33 = Stevens Point
864987193,48 = Plano Heart
531313956,7=KPHI RRL
849527480,2 = Address printed
745366882,2=Chair of the NIH IRB/Compliance Office/OHSRP
786757575,3=Site PI listed on the site-specific consent form
618686157,7 = Deceased
135725957,1=Bladder
200837530,13=Lymphoma
897758920,0 = START
878286618,2 = Somewhat feminine
510148951,4 = Somewhat masculine
832978839,5 = Mostly Straight
500023550,1 =I had surgery to remove remove my whole prostaste
670680466,0 = Excellent
719933364,2 = Good
162668459,2 = 3
125674414,6 = 7
267104669,2 = Mild hair loss on the top of the head along the middle of the head.
619337179,3 = Mild-to-moderate hair loss on the top of the head along the middle of the head.
103565678,"3 = Mild hair loss on the sides of the forehead, but not as far back as the ears, and mild loss from the center of the forehead. Also, hair thinning on the top (crown) of the head."
871673221,"1 = Half sibling, same mother"
784922042,3 = Related to me in some other way
978204320,0 = Grade school grades 1-8
107714591,5= 5 days
689829953,6= 6 days
317567178,0 = In the past month
200323667,"1= Yes, I used hormones or other medications to make my body look more feminine in the past"
939110313,1= 1 to 2 years
801142243,4= More than 4 years
582425113,0=My periods stopped naturally due to menopause
720288326,2=Four or more
660308254,0=Cesarean
181786871,1=Daily
628177728,5 = 2 hours
805918496,6 = 3 hours or more
774439579,1 = Slight chance
747099514,2 = Moderate chance
486319890,2 = 50 to 99
804785430,"3 = Yes, every day"
402752509,5 = Didn't use e-cigarettes or other vaping devices during this time
667010122,6= A few days per year
174968750,0=Less than 1 hour per day
347968905,5= Didn't smoke cannabis during this time
594557208,5 = 5 to 6 times per week
835682347,2= 3 shots
332226274,0 = 1 glass
265550580,0 = Didn't drink during this time
922737557,3= 5 to 9
905073380,0 = All sun exposed areas
901521065,2= Face/Head only
190125431,3= 36 to 50
133730190,4= Higher than 50
858866416,1= Green
270559240,4= Medium Brown
259218831,0 = No freckles
641104372,"10 = No, I want to enter another address (10th address)"
678602069,0 = I still live here
901693169,0 = A public or municipal water supply
519767819,"1= A rural water system, community well, or spring serving at least 25 people or 15 households"
388690303,2= Private well or spring
317718701,2 = 101 to 150 feet
151001809,4 = 251 to 500 feet
254061941,2= Water that was filtered using a filter like Brita or PUR in a pitcher or on a faucet
969318635,"9 = No, I want to add another seasonal or vacation home address (9th address)"
956935470,"10 = No, I want to add another seasonal or vacation home address (10th address)"
902342161,4 = Previous address 4
693256778,4 = Less than once per week
703370365,5 = I drink tap water but don't know how often
178780048,"2 = Yes, I have had this symptom in the past, but I do not have it now"
661871565,0 = Moderna
411943417,2 = Johnson & Johnson
735330419,1 = Once or twice per week
850675416,4 = Two or more times per day
194129782,1 = 2 to 4
891558680,"1 = More than a month ago, but in the past 6 months"
238237869,7 = Samsung Galaxy
417633823,1 = Easy
117258272,0 = I cannot find the survey
672312050,2 = Not long enough - I want to answer more questions
589724105,1 = The right amount of time
141992510,"0 = No, I will return to this survey after I have completed my home mouthwash sample donation."
294020322,2 = Neither agree nor disagree
441766026,0 = 2D Mammogram. Also known as conventional digital mammography. Two pictures are typically taken of each breast—one from the side and one from above.
240437781,2 = 2-4 per week
454222764,5 = 2-3 per day
728662578,0 = Street
717366608,1 = Intersection
369438604,55 = Other | _ |
631272782,1 = 35-39
319570637,1=Not Hispanic or Latino
401335456,"2=Other (Hispanic, Asian, American Indian/Alaskan Native, Native Hawaiian or Pacific Islander)"
611398522,6=Multi-racial
536341288,0 = Female
296312382,10=Pop up
303349821,6 = Marshfield Clinic Health System
648219696,2 = Variant B
270793412,"3=II, 2nd"
943488874,0 = google.com
148997103,17 = Bahamas
299126445,20 = Barbados
448617425,27 = Bolivia (Plurinational State Of)
481101742,67 = Djibouti
450700271,77 = Eswatini
788910861,78 = Ethiopia
360734594,83 = France
535389252,84 = French Afars And Issas
610145443,92 = German Democratic Republic
604112428,103 = Guernsey
407588445,114 = India
184997877,116 = Iran (Islamic Republic Of)
794883510,125 = Johnston Island
872738595,126 = Jordan
249259453,129 = Kiribati
195866199,148 = Mali
402100137,151 = Martinique
912770257,165 = Myanmar
169159988,178 = North Macedonia
142345918,180 = Norway
617654521,199 = Russian Federation
278577307,200 = Rwanda
502236449,201 = Saint Barthelemy
529971621,205 = Saint Martin (French Part)
611768724,208 = Samoa
166955192,209 = San Marino
803323592,210 = Sao Tome And Principe
401441319,211 = Saudi Arabia
499465239,219 = Slovakia
262256978,220 = Slovenia
579685918,248 = Tuvalu
527680552,253 = United States Minor Outlying Islands
595309766,259 = Venezuela (Bolivarian Republic Of)
858059214,"261 = Viet-Nam, Democratic Republic Of"
139824195,263 = Virgin Islands (U.S.)
197316935,1 = Verified
426360242,1=Method used
356674370,0=Not matched
534621077,0=Research
145191545,9 = Ingalls Harvey
261931804,15 = Minocqua
322059622,22 = HFH Pop-Up
288564244,29 = BCC- Fort Worth
755034888,35 = HFH Jackson
852689772,36 = HFH In-Home Collection
962830330,38 = Waco - MacArthur
615768760,1=Started
389478821,1 = Replacement 1 Kit
517216441,0 = Pending
332067457,6 = Undeliverable address
648459216,0=The participant (via the CSC directly or via a Connect site staff)
658808644,1=The Connect Principal Investigator (or designate)
111959410,1=Requested but not signed
863246236,8=Kidney
487917585,15=Non-melanoma skin (basal or squamous)
603181162,16=Ovarian
337516613,0 = Alive
805712793,4 = Genderqueer
910745276,3 = Equally feminine and masculine
999994434,2 = Bisexual
727200870,3 = Asexual
197935377,6 = Queer
831942158,8 = Questioning
146477090,0 = Type 1
535003378,88 = None of the above
770550588,0 = I had surgery to remove one Testicle
565881164,1 = Very good
138752522,4 = Poor
526238862,6 = Moderate hair loss on the sides and front of the forehead that are continuous with severe baldness on the top (crown) of the head. There is no clear strip of hair that separates these areas of balding.
890756124,4= Technical or trade school after high school
209571450,"3 = $35,000-$49,999/year"
249673703,"2= Yes, I am currently using hormones or other medications to make my body look more feminine"
549031911,0 = Too irregular to guess or used hormonal medication or device such as an intrauterine device IUD== to control menstrual cycle
388370628,2 = Too irregular to guess or using hormonal medication or device (such as an intrauterine device (IUD)) to control menstrual cycle
464753847,1 = Less than 30 minutes
638092100,4 = 1 hour
284343405,"3 = Yes, 3 or 4 times per week"
137254299,1=As loud as talking
719954633,0 = Extremely flexible
151488193,0 = 10 or less
998679771,2 = 31 to 59 minutes
950591599,1= Most of the time
683466918,5=More than 15 hours per day
448069154,3= Three
595249233,0 = Less than once per month
914302382,1= 2 shots
473673527,3= 4 glasses
418361985,6= Twice per week
858624942,5= Once per day
907579123,4= Always
649327523,3= 50 to 99 times
511873578,1 = A few days per week (5 to 19 days per month)
402335383,4 = Less than 12 times per year
317312221,0 = Blue
379848047,1= Red
385246065,2= Medium
189414295,3= Dark
482157734,4= Very Dark
580377720,"0 = Yes, this list is complete"
400090705,"4 = No, I want to enter another address (4th address)"
495970180,3 = 151 to 250 feet
614395648,"1 = Yes, this is correct"
255112983,"3 = No, I want to add another seasonal or vacation home address (3rd address)"
619914973,"6 = No, I want to add another seasonal or vacation home address (6th address)"
429773462,"8 = No, I want to add another seasonal or vacation home address (8th address)"
351928156,1 = Previous address 1
451961786,3 = Previous address 3
731141335,"3 = Yes, in the past week"
724612102,"1 = Yes, I have this symptom now"
931688701,"1 = Yes, I am experiencing this now"
383505459,"4 = More than one, but not sure how many"
735136116,"1 = More than 24 hours ago, but in the past week"
200962909,12 = Chromebook
940801246,3 = Hard
777433416,0 = Too much time
418049936,0 = not yet begun
269380840,1 = in progress
525453860,0 = Not interested
854703046,2 = Passive
181769837,55 = Other
232334767,0=African American/Black
635279662,3=Caucasian/White
432722256,4=Hispanic/Latino/Black
986445321,66=Blank
277568192,5=Native Hawaiian or Other Pacific Islander
663706936,8= Low-income/health professional shortage areas
935486262,3 = Cancer Connection General
452412599,5 = Kaiser Permanente Northwest
896010519,4 = Variant D
773342525,1=Spanish
227078307,7 = Angola
713805786,16 = Azerbaijan
441424832,36 = Bulgaria
959888441,41 = Cabo Verde
123981879,42 = Cambodia
303352825,46 = Cayman Islands
623546496,50 = China
951405762,"56 = Congo, Democratic Republic Of The"
436919389,70 = Dronning Maud Land
279607212,90 = Gambia
325119560,91 = Georgia
656413979,94 = Ghana
284446097,97 = Greece
258181066,104 = Guinea
707293927,105 = Guinea-Bissau
247861923,107 = Haiti
675442806,111 = Hong Kong
435390912,118 = Ireland
646575069,122 = Jamaica
768457546,"131 = Korea, Republic Of"
360006866,132 = Kuwait
570293881,142 = Luxembourg
394839071,145 = Malawi
787809831,162 = Montserrat
597023793,167 = Nauru
812047427,198 = Romania
216012641,207 = Saint Vincent And The Grenadines
691987855,217 = Singapore
409608997,229 = Sudan
212392048,234 = Syrian Arab Republic
870960085,"235 = Taiwan, Province Of China"
581659944,238 = Thailand
386598060,241 = Tokelau
457186566,245 = Turkey
156628245,252 = United Kingdom Of Great Britain And Northern Ireland
535551893,267 = Yemen
798542346,270 = Zimbabwe
283434980,1 = Not Active recruit signed in as Passive recruit
866029623,2 = Not Active recruit signed in as an Active recruit
650465111,2 = Follow-up 2
813701399,2 = Weston
120264574,11 = South Loop
723351427,"23 = BCC- HWC, BC"
856158129,27 = BCC- Irving
436956777,28 = NTX Biorepository
911683679,39 = HFH Detroit Northwest
603989030,44 = Killeen Main
715632875,8=KPNW RRL
767775934,9=KPGA RRL
246137578,27 = Sioux Falls Sanford Center
567590935,1=Revoked but not signed
847056701,4=Chair of the Site IRB
376136630,2=Check Failed
942970912,5=Colon/rectal
596122041,6=Esophageal
607793249,9=Leukemia (blood and bone marrow)
665036297,12=Non-Hodgkin's lymphoma
218837028,0 = Woman
405267600,2 = Transgender Man
854349138,4 = Pansexual
573635975,1 = Type 2
524029283,0 = I had surgery to remove remove part of my prostate
988858078,0 = 1 (a little pain)
325478778,0 = Shorter than average
176904165,0 = Thinner than average
839266527,2 = Heavier than average
709650750,0 = Your biological child
935502060,"1= Some high school grades 9-11, no diploma"
738284740,"2=Yes, part-time student"
589702540,0=Completed by study participant
802197176,2 =More than 1 year ago
868025301,0 = Within 1 year
645894551,3 = 1 to 2 days per week
671267928,5 = 5 to 6 days per week
565036180,"2 = Yes, 1 or 2 times per week"
954318357,2=Louder than talking
274062548,"2 = Yes, more than 3 months ago"
490796638,4= Not at all flexible
805449318,1 = 11 to 49
132232896,3= 100 or more
299561721,"1 = Yes, but rarely"
971933131,"5 = Didn't use chewing tobacco, snus, snuff, or dip during this time"
464169461,4=10 to 15 hours per day
549638643,1= 2 glasses
290010251,4= 5 glasses
756073829,4= A few times per week
424768954,6 = 2 to 3 times per day
455468743,4= No change in skin color
953684708,2= 3 to 4
223461539,1= Some sun exposed areas
445549128,0 = Less than 15
676516297,0 = Every day or almost every day (20 to 31 days per month)
519761171,1= A few freckles
455684772,3= A lot of freckles
676569438,"7 = No, I want to enter another address (7th address)"
724624086,0 = Less than 50 feet
142631891,5 = More than 500 feet
463122075,1= Water from a refrigerator that has a water filter
404651070,3= Water that was filtered using reverse osmosis (under sink or whole house)
448861079,"1 = No, I want to add another seasonal or vacation home address (1st address)"
625202092,"4 = No, I want to add another seasonal or vacation home address (4th address)"
196962759,0 = I still spend time here
458045785,8 = Previous address 8
252853790,6 = 7 days per week
614087017,"0 = Yes, for 15 minutes or more"
784166628,"0 = No, I had a different job in 2019"
330461666,2 = More than a day before
591670915,"4 = Yes, in the past month"
567908725,2 = Somewhat
464631026,4 = Very much
770236544,"0 = No, I never experienced this"
586272115,"2 = Yes, I have had this in the past, but I am not experiencing it now"
138332277,2 = Three to five times per week
482753957,0 = iPhone (Apple)
358413399,1 = Android
299722216,5 = Amazon Fire Tablet
205790732,3 = I do not feel comfortable answering the survey questions
254017984,0 = Very well
628115953,"1 = Shorter surveys, sent more often (such as 20-minute surveys, sent every 4 months)"
668770150,"1 = Yes, I already completed my home mouthwash sample donation"
147016867,4 = Strongly disagree
461386928,0 = Less than 1 year ago
462661976,2 = 3 or more times
567539823,3 = Fairly interested
773207854,0 = Very hot
494937029,2 = Warm
155662905,3 = Do not like hot drinks
343111826,4 = Street Segment
501836969,7 = Head and neck
840678879,11 = December
124276120,2 = 40-45
450985724,3 = 46-50
308427446,2=Asian
200929978,7=Native Hawaiian
654207589,1 = Male
939572698,0=Member of IHCS Health Plan
647148178,4=Aging out of study
153365143,7= Technology adapters
208952854,9=Research Registry
104430631,0 = No
562663942,0 = Altruism Personal
307763550,5 = Research General
548392715,1 = Henry Ford Health System
300267574,4 = Kaiser Permanente Hawaii
N/A,
333275194,11 = Argentina
208245330,15 = Austria
799996283,18 = Bahrain
721835388,19 = Bangladesh
170270174,25 = Bermuda
131658361,"28 = Bonaire, Sint Eustatius And Saba"
882964022,32 = Brazil
667794074,37 = Burkina Faso
326914254,38 = Burundi
411693327,39 = Byelorussian Ssr
737467433,63 = Czechia
392051955,69 = Dominican Republic
282684754,80 = Faroe Islands
996867481,96 = Gilbert And Ellice Islands
778149970,101 = Guam
893352695,120 = Israel
359106014,127 = Kazakhstan
865130944,128 = Kenya
676601456,139 = Libya
804230076,141 = Lithuania
737913249,156 = Micronesia (Federated States Of)
467388306,157 = Midway Islands
229663661,166 = Namibia
483171323,174 = Niger
989841129,176 = Niue
497940213,206 = Saint Pierre And Miquelon
706663693,213 = Serbia
667042764,214 = Seychelles
982400065,216 = Sikkim
691929049,221 = Solomon Islands
107649642,222 = Somalia
805619774,233 = Switzerland
858140434,240 = Togo
939019279,242 = Tonga
366067357,243 = Trinidad And Tobago
835040610,260 = Viet Nam
567219545,"268 = Yemen, Democratic"
160161595,4 = Outreach timed out
734437214,0=Method not used
854903954,2 = Passive to Active
489380324,10 = River East
807443231,24 = BCC- All Saints (FW)
475614532,25 = BCC- Plano
471260082,45 = Waco Fishpond
528017143,46 = Southwest Family Medicine
807835037,55=Other |__|
972455046,0=Not Started
789467219,3=Not Yet Eligible
570271641,11=Henry Ford West Bloomfield Hospital
838480167,12=Henry Ford Medical Center- Fairlane
976461859,0 = Mouthwash Kit
375535639,5 = Received
457944265,0=Not Requested
208325815,0 = No Refusal
622008261,1 = Refused some activities
939782495,0=Anal
518416174,2=Brain
283025574,4=Cervical
754745617,11=Lung or bronchial
990319383,14=Melanoma (skin)
723614811,22=Uterine (endometrial)
682636404,1 = Meeting
522680498,1 = Not married but living with partner
733527132,4 = Widowed
576796184,2 = Intersex or other
983318667,1 = Man
541300533,1 = Mostly feminine
903084185,"1 = Lesbian, gay, or homosexual"
410008111,7 = Two-Spirit
109972911,1 =I had surgery to remove both ovaries
676824724,4 = 5
406650257,7 = 8
616621065,9 = 10 (a lot of pain)
730757606,1 = About average height
601381820,4 = Moderate hair loss on the top of the head along the middle of the head.
151394571,"5 = Severe hair loss on the top of the head, but no hair loss at the forehead"
746328729,7 = Severehair loss on the top of the head from the forehead to the back of the ears.
381878591,"4 = Moderate hair loss on the sides of the forehead as far back as the front of the ears, and moderate loss from the center of the forehead. Also, mild baldness on the top (crown) of the head. The two areas of hair loss are separated by a section of hair that goes across the top of the head."
656816477,2= Unemployed
632371391,1= 1 day
922395188,"6 = $100,000-$149,999/year"
742032816,"8 = $200,000 or more/year"
484055234,"1 =More than a month ago, but in the past year"
310201523,0 = 100 unit per ml
548167685,2 = Too irregular to guess
868504994,3=My periods stopped after endometrial ablation (removal of the endometrium lining of the uterus)
582602017,0=Two (twins)
862918284,0 = Less than 10 days per month
275059825,1 = 10 to 14 days per month
235613392,5 = Rarely
270994579,"4 = Yes, 5 or more times per week"
303095574,1= Sound or restful
764708931,1= Very flexible
716761013,"2 = Yes, but some days"
127455035,4= 2 hours or more
229540444,2=3 to 5 hours per day
162693263,"0 = Every day, at least two hours each day"
668407984,2= Two
585672584,2= Recreation and as medicine
352316035,5 = Didn't vape cannabis during this time
420091116,1= 2 beers
402048066,2 = A few times permonth
995736452,1= 15 to 20
120045322,2= 21 to 35
235762633,"8 = No, I want to enter another address (8th address)"
751569137,1 = Not listed here
354020985,6 = Previous address 6
583113200,7 = Previous address 7
559049897,0 = 1 day per week
500554958,1 = 2 days per week
816566846,"1 = Yes, I currently work at the same job I had in 2019"
936042740,"2 = Yes, in the past two days"
317811347,77 = Do not know
948148236,1 = Between 1 and 3 months
752219885,"3 = More than a year ago, but in the past 2 years"
314487612,4 = More than 2 years ago
793072415,2 = Other phone
132115595,4 = Microsoft® Surface
798682161,10 = Mac (Apple)
554920493,11 = PC (Windows)
371268341,0 = Very Easy
185898646,1 = Just enough - I like the number of emails and/or text messages
701389038,4 = I have Wi-Fi and/or internet connectivity issues
878535894,4 = Very poor
576052130,2 = Too little time
924690260,3 = Disagree
786431761,"3 = More than 5 years ago, but less than 10 years ago"
734611348,1 = Usually
135672398,4 = Very Interested
660669070,0 = 1-3 per month
703385619,3 = City
286592124,0 = January
802747980,1 = February
615680906,10 = November
486306141,1 = Active
768826601,"0 = White, Non-Hispanic"
211228524,1=American Indian or Alaskan Native
512786135,1=Non-Member IHCS Patient
125001209,2 = Kaiser Permanente Colorado
657167265,7 = Sanford Health
612166858,0=Jr.
255907182,1=Sr.
611945488,"5=IV, 4th"
643664527,10=2nd
537892528,11=3rd
163149180,0=English
840154550,1 = Aland Islands
618233724,5 = American Samoa
714549111,21 = Belarus
202879015,23 = Belize
913612617,48 = Chad
176389605,51 = Christmas Island
330168399,52 = Cocos (Keeling) Islands
150283599,53 = Colombia
285845479,55 = Congo
554939584,57 = Cook Islands
537560986,59 = Croatia
728361002,68 = Dominica
799410640,88 = French Southern Territories
736217341,98 = Greenland
314027711,108 = Heard Island And Mcdonald Islands
365963159,109 = Holy See
307039299,113 = Iceland
415513416,121 = Italy
928018967,130 = Korea (Democratic People'S Republic Of)
115843761,155 = Mexico
291934186,173 = Nicaragua
148616671,179 = Northern Mariana Islands
809559004,192 = Pitcairn
306722988,203 = Saint Kitts And Nevis
547241189,225 = South Sudan
290541411,226 = Southern Rhodesia
266326454,230 = Suriname
959293914,231 = Svalbard And Jan Mayen
814359943,249 = Uganda
145241318,251 = United Arab Emirates
587473515,255 = Upper Volta
607648786,258 = Vanuatu
647661834,265 = Wallis And Futuna
219863910,2 = Cannot be verified
290379732,5=No Longer Enrolling
979256174,4 = Passive recruit signed in as Active recruit
664882224,1=Clinical
681745422,1 = Participant refusal
745205161,2 = Participant attempted
319518299,19 = UCM Pop-Up
809370237,26 = BCC- Worth St
433070901,30 = Sioux Falls Edith Center
483909879,37 = North Garland
749199085,43 = Temple Westfield
253098609,47 = Grapevine
127626388,26 = Bismarck Medical Center
712278213,0=FedEx
149772928,1= World Courier
663273321,0 = Initial Kit
104053459,0=Not Revoked
241236037,5 = Data Destruction Requested
764891959,19=Stomach
194274197,1 = STOP
873138103,3 = Transgender Woman
486192236,5 = Non-binary
220083334,0 = Very feminine
271882746,0 = Straight or heterosexual
210894509,9 = No labels
113771607,0 = I had surgery to remove one kidney
448068764,0 = I had surgery to remove one fallopian tube
131550264,3 = Fair
548628123,1 = A little bit
915557297,"2 = Moderate hair loss at the sides of the forehead as far back as the ears, and mild loss from the center of the forehead."
173625583,"7 = Severe hair loss on the sides and front of the forehead that are continuous with severe baldness on the top (crown) of the head. There is no clear strip of hair that separates these areas of balding. The hairline at the sides of the head is at, or below, the temples. Only a small strip of hair remains around the ears and at the back of the head."
555374628,0 = Full sibling
810290359,1 = Adopted
875342283,6= College graduate Bachelor's degree
164282814,7= 7 days
212249150,"4 = $50,000-$74,999/year"
648960871,44 = Never
858427002,1= Less than 21 days
113064256,"1 = I have had at least one menstrual period in the past 12 months but the frequency of my period changed (such as it stopped, became irregular, or difficult to predict)"
909774794,2=My periods stopped after surgery that removed my uterus and/or both ovaries
858244199,4 = Pregnancy loss after 20 weeks
936573532,1=Vaginal
565450397,3 = 20 to 25 days per month
729363341,0=Multiple times per day
258023209,3 = 45 minutes
755558825,7 = 5 to 6 hours
201002865,9 = 9 hours or more
248303092,1 = 16 to 30 minutes
525779785,"1 = Yes, less than once per week"
462478011,0 = Very sound or restful
520089841,4= Less than 1 to 2 times per month
419415087,"0 = No, not at all"
169225725,0 = 5 minutes or less
967681778,1 = 6 to 30 minutes
417208949,1= Most days of the week
865134801,5= One day per month
738454194,1=1 to 2 hours per day
924926068,"1= Every day, less than 2 hours each day"
160036380,5= Five or more
412554346,2= 3 beers
475454159,3= 4 beers
425604618,0 = 1 shot
968093023,0 = 1 serving
900343645,4= 5 servings
690077051,2= 6 to 11 times per year
950039557,1= A few times per year
388196732,2= 10 to 49 times
756470750,3 = A few times per month (1 to 4 days per month)
696181630,2=Hazel
270752953,"1 = No, I want to enter another address"
184065355,"2 = No, I want to enter another address (2nd address)"
399540389,"5 = No, I want to enter another address (5th address)"
365196404,"6 = No, I want to enter another address (6th address)"
310284905,1 = 50 to 100 feet
232063618,0 = Less than 1 month
830279557,"7 = No, I want to add another seasonal or vacation home address (7th address)"
578520343,11 = You have entered the maximum number of seasonal or vacation home addresses. You will move on to the next questions
684900118,2=I do not commute to work
110092955,0 = The same day
692824372,2 = More than 3 months
832322940,77 = Don't know
985034149,8 = Lenovo Tab
242016061,0 = Too many - I get far too many emails and/or text messages
198030665,"1 = Yes, I completed all four sections"
760340155,0 = Strongly agree
308633554,0 = I had both breasts removed during one surgery
729845236,"1 = More than 1 year ago, but less than 2 years ago"
193058048,3 = With a little difficulty
389550600,1 = Slightly interested
676299940,2 = March
574954852,6 = July
259643910,9 = October
